Auto-update on Fri May 23 05:12:34 UTC 2025
Auto-update on Fri May 23 05:31:43 UTC 2025
Auto-update on Sat May 24 03:16:04 UTC 2025
Auto-update on Sun May 25 03:37:30 UTC 2025
Auto-update on Mon May 26 03:35:23 UTC 2025
Auto-update on Tue May 27 03:30:59 UTC 2025
Auto-update on Wed May 28 03:32:32 UTC 2025
Auto-update on Thu May 29 03:33:36 UTC 2025
Auto-update on Fri May 30 03:31:49 UTC 2025
Auto-update on Sat May 31 03:29:52 UTC 2025
Auto-update on Sun Jun  1 03:52:29 UTC 2025
Auto-update on Mon Jun  2 03:41:34 UTC 2025
Auto-update on Tue Jun  3 03:35:47 UTC 2025
Auto-update on Wed Jun  4 03:36:17 UTC 2025
Auto-update on Thu Jun  5 03:37:07 UTC 2025
Auto-update on Fri Jun  6 03:36:18 UTC 2025
Auto-update on Sat Jun  7 03:32:36 UTC 2025
Auto-update on Sun Jun  8 03:41:59 UTC 2025
Auto-update on Mon Jun  9 03:42:07 UTC 2025
Auto-update on Tue Jun 10 03:37:51 UTC 2025
Auto-update on Wed Jun 11 03:37:27 UTC 2025
Auto-update on Thu Jun 12 03:36:34 UTC 2025
Auto-update on Fri Jun 13 03:37:38 UTC 2025
Auto-update on Sat Jun 14 03:32:06 UTC 2025
Auto-update on Sun Jun 15 03:42:09 UTC 2025
Auto-update on Mon Jun 16 03:42:54 UTC 2025
Auto-update on Tue Jun 17 03:37:42 UTC 2025
Auto-update on Wed Jun 18 03:37:10 UTC 2025
Auto-update on Thu Jun 19 03:37:39 UTC 2025
Auto-update on Fri Jun 20 03:36:40 UTC 2025
Auto-update on Sat Jun 21 03:33:06 UTC 2025
Auto-update on Sun Jun 22 03:43:41 UTC 2025
Auto-update on Mon Jun 23 03:46:00 UTC 2025
Auto-update on Tue Jun 24 01:53:54 UTC 2025
Auto-update on Wed Jun 25 01:54:01 UTC 2025
Auto-update on Thu Jun 26 01:52:49 UTC 2025
Auto-update on Fri Jun 27 01:54:04 UTC 2025
Auto-update on Sat Jun 28 01:49:33 UTC 2025
Auto-update on Sun Jun 29 02:03:47 UTC 2025
Auto-update on Mon Jun 30 01:58:45 UTC 2025
Auto-update on Tue Jul  1 02:04:35 UTC 2025
Auto-update on Wed Jul  2 01:53:28 UTC 2025
Auto-update on Thu Jul  3 01:54:00 UTC 2025
Auto-update on Fri Jul  4 01:53:23 UTC 2025
Auto-update on Sat Jul  5 01:49:17 UTC 2025
Auto-update on Sun Jul  6 02:02:10 UTC 2025
Auto-update on Mon Jul  7 01:59:17 UTC 2025
Auto-update on Tue Jul  8 01:54:25 UTC 2025
Auto-update on Wed Jul  9 01:55:39 UTC 2025
Auto-update on Thu Jul 10 01:55:47 UTC 2025
Auto-update on Fri Jul 11 01:57:57 UTC 2025
Auto-update on Sat Jul 12 01:58:49 UTC 2025
Auto-update on Sun Jul 13 02:07:12 UTC 2025
Auto-update on Mon Jul 14 02:02:41 UTC 2025
Auto-update on Tue Jul 15 02:02:37 UTC 2025
Auto-update on Wed Jul 16 01:59:15 UTC 2025
Auto-update on Thu Jul 17 01:59:46 UTC 2025
Auto-update on Fri Jul 18 02:01:30 UTC 2025
Auto-update on Sat Jul 19 01:55:31 UTC 2025
Auto-update on Sun Jul 20 02:08:46 UTC 2025
Auto-update on Mon Jul 21 02:06:07 UTC 2025
Auto-update on Tue Jul 22 02:00:16 UTC 2025
Auto-update on Wed Jul 23 02:01:22 UTC 2025
Auto-update on Thu Jul 24 02:00:25 UTC 2025
Auto-update on Fri Jul 25 02:00:08 UTC 2025
Auto-update on Sat Jul 26 01:56:23 UTC 2025
Auto-update on Sun Jul 27 02:09:47 UTC 2025
Auto-update on Mon Jul 28 02:07:10 UTC 2025
Auto-update on Tue Jul 29 02:18:23 UTC 2025
Auto-update on Wed Jul 30 02:03:09 UTC 2025
Auto-update on Thu Jul 31 02:02:52 UTC 2025
Auto-update on Fri Aug  1 02:19:26 UTC 2025
Auto-update on Sat Aug  2 01:57:09 UTC 2025
Auto-update on Sun Aug  3 02:11:27 UTC 2025
Auto-update on Mon Aug  4 02:11:20 UTC 2025
Auto-update on Tue Aug  5 02:05:52 UTC 2025
Auto-update on Wed Aug  6 02:04:07 UTC 2025
Auto-update on Thu Aug  7 02:04:25 UTC 2025
Auto-update on Fri Aug  8 02:03:53 UTC 2025
Auto-update on Sat Aug  9 01:52:59 UTC 2025
Auto-update on Sun Aug 10 02:07:43 UTC 2025
Auto-update on Mon Aug 11 02:04:10 UTC 2025
Auto-update on Tue Aug 12 01:52:10 UTC 2025
Auto-update on Wed Aug 13 01:54:24 UTC 2025
Auto-update on Thu Aug 14 01:54:38 UTC 2025
Auto-update on Fri Aug 15 01:55:11 UTC 2025
Auto-update on Sat Aug 16 01:49:31 UTC 2025
Auto-update on Sun Aug 17 02:00:46 UTC 2025
Auto-update on Mon Aug 18 02:01:28 UTC 2025
Auto-update on Tue Aug 19 01:48:43 UTC 2025
Auto-update on Wed Aug 20 01:47:09 UTC 2025
Auto-update on Thu Aug 21 01:45:53 UTC 2025
Auto-update on Fri Aug 22 01:46:30 UTC 2025
Auto-update on Sat Aug 23 01:42:48 UTC 2025
Auto-update on Sun Aug 24 01:56:24 UTC 2025
Auto-update on Mon Aug 25 01:51:08 UTC 2025
Auto-update on Tue Aug 26 01:47:26 UTC 2025
Auto-update on Wed Aug 27 01:44:17 UTC 2025
Auto-update on Thu Aug 28 01:43:30 UTC 2025
Auto-update on Fri Aug 29 01:43:18 UTC 2025
Auto-update on Sat Aug 30 01:38:10 UTC 2025
Auto-update on Sun Aug 31 01:48:16 UTC 2025
Auto-update on Mon Sep  1 01:57:54 UTC 2025
Auto-update on Tue Sep  2 01:45:02 UTC 2025
Auto-update on Wed Sep  3 01:38:13 UTC 2025
Auto-update on Thu Sep  4 01:38:47 UTC 2025
Auto-update on Fri Sep  5 01:40:56 UTC 2025
Auto-update on Sat Sep  6 01:37:52 UTC 2025
Auto-update on Sun Sep  7 01:46:02 UTC 2025
Auto-update on Mon Sep  8 01:45:54 UTC 2025
Auto-update on Tue Sep  9 01:42:25 UTC 2025
Auto-update on Wed Sep 10 01:39:10 UTC 2025
Auto-update on Thu Sep 11 01:41:39 UTC 2025
Auto-update on Fri Sep 12 01:37:58 UTC 2025
Auto-update on Sat Sep 13 01:26:36 UTC 2025
Auto-update on Sun Sep 14 01:45:30 UTC 2025
Auto-update on Mon Sep 15 01:47:03 UTC 2025
Auto-update on Tue Sep 16 01:39:02 UTC 2025
Auto-update on Wed Sep 17 01:39:03 UTC 2025
Auto-update on Thu Sep 18 01:38:51 UTC 2025
Auto-update on Fri Sep 19 01:41:41 UTC 2025
Auto-update on Sat Sep 20 01:37:14 UTC 2025
Auto-update on Sun Sep 21 01:48:29 UTC 2025
Auto-update on Mon Sep 22 01:48:49 UTC 2025
Auto-update on Tue Sep 23 01:39:36 UTC 2025
Auto-update on Wed Sep 24 01:40:55 UTC 2025
Auto-update on Thu Sep 25 01:41:28 UTC 2025
Auto-update on Fri Sep 26 01:40:58 UTC 2025
Auto-update on Sat Sep 27 01:37:19 UTC 2025
Auto-update on Sun Sep 28 01:49:17 UTC 2025
Auto-update on Mon Sep 29 01:43:47 UTC 2025
Auto-update on Tue Sep 30 01:38:32 UTC 2025
Auto-update on Wed Oct  1 01:50:47 UTC 2025
Auto-update on Thu Oct  2 01:39:08 UTC 2025
Auto-update on Fri Oct  3 01:38:55 UTC 2025
Auto-update on Sat Oct  4 01:35:31 UTC 2025
Auto-update on Sun Oct  5 01:48:29 UTC 2025
Auto-update on Mon Oct  6 01:42:06 UTC 2025
Auto-update on Tue Oct  7 01:40:01 UTC 2025
Auto-update on Wed Oct  8 01:40:15 UTC 2025
Auto-update on Thu Oct  9 01:40:48 UTC 2025
Auto-update on Fri Oct 10 01:41:49 UTC 2025
Auto-update on Sat Oct 11 01:37:16 UTC 2025
Auto-update on Sun Oct 12 01:44:37 UTC 2025
Auto-update on Mon Oct 13 01:47:50 UTC 2025
Auto-update on Tue Oct 14 01:41:11 UTC 2025
Auto-update on Wed Oct 15 01:44:19 UTC 2025
Auto-update on Thu Oct 16 01:43:13 UTC 2025
Auto-update on Fri Oct 17 01:42:12 UTC 2025
Auto-update on Sat Oct 18 01:37:33 UTC 2025
Auto-update on Sun Oct 19 01:53:40 UTC 2025
Auto-update on Mon Oct 20 01:50:50 UTC 2025
Auto-update on Tue Oct 21 01:45:07 UTC 2025
Auto-update on Wed Oct 22 01:48:19 UTC 2025
Auto-update on Thu Oct 23 01:44:02 UTC 2025
Auto-update on Fri Oct 24 01:40:09 UTC 2025
Auto-update on Sat Oct 25 01:41:37 UTC 2025
Auto-update on Sun Oct 26 01:49:58 UTC 2025
Auto-update on Mon Oct 27 01:54:12 UTC 2025
Auto-update on Tue Oct 28 01:43:56 UTC 2025
Auto-update on Wed Oct 29 01:50:45 UTC 2025
Auto-update on Thu Oct 30 01:50:03 UTC 2025
Auto-update on Fri Oct 31 01:46:57 UTC 2025
Auto-update on Sat Nov  1 01:50:15 UTC 2025
Auto-update on Sun Nov  2 01:52:51 UTC 2025
Auto-update on Mon Nov  3 01:52:01 UTC 2025
Auto-update on Tue Nov  4 01:47:44 UTC 2025
Auto-update on Wed Nov  5 01:48:41 UTC 2025
Auto-update on Thu Nov  6 01:48:48 UTC 2025
Auto-update on Fri Nov  7 01:47:37 UTC 2025
Auto-update on Sat Nov  8 01:41:53 UTC 2025
Auto-update on Sun Nov  9 01:51:36 UTC 2025
Auto-update on Mon Nov 10 01:53:11 UTC 2025
Auto-update on Tue Nov 11 01:49:36 UTC 2025
Auto-update on Wed Nov 12 01:48:52 UTC 2025
Auto-update on Thu Nov 13 01:50:12 UTC 2025
Auto-update on Fri Nov 14 01:49:22 UTC 2025
Auto-update on Sat Nov 15 01:45:19 UTC 2025
Auto-update on Sun Nov 16 01:54:39 UTC 2025
Auto-update on Mon Nov 17 01:50:09 UTC 2025
Auto-update on Tue Nov 18 01:48:10 UTC 2025
Auto-update on Wed Nov 19 01:48:35 UTC 2025
Auto-update on Thu Nov 20 01:47:09 UTC 2025
Auto-update on Fri Nov 21 01:48:14 UTC 2025
Auto-update on Sat Nov 22 01:44:10 UTC 2025
Auto-update on Sun Nov 23 02:02:06 UTC 2025
Auto-update on Mon Nov 24 01:56:28 UTC 2025
Auto-update on Tue Nov 25 01:49:59 UTC 2025
Auto-update on Wed Nov 26 01:49:44 UTC 2025
Auto-update on Thu Nov 27 01:47:49 UTC 2025
